"Date";"Value"
"01/07/2016";14,34
"01/08/2016";13,92
"01/11/2016";13,87
"01/12/2016";13,75
"01/13/2016";14,16
"01/14/2016";13,75
"01/15/2016";13,9
"01/18/2016";13,88
"01/19/2016";14,12
"01/20/2016";14,16
"01/21/2016";14,09
"01/22/2016";14,06
"01/25/2016";14,25
"01/26/2016";14,56
"01/27/2016";14,46
"01/28/2016";14,23
"01/29/2016";14,24
"02/01/2016";14,34
"02/02/2016";14,29
"02/03/2016";14,73
"02/04/2016";14,85
"02/05/2016";14,78
"02/08/2016";15,43
"02/09/2016";15,45
"02/10/2016";15,28
"02/11/2016";15,79
"02/12/2016";15,79
"02/15/2016";15,26
"02/16/2016";15,33
"02/17/2016";15,38
"02/18/2016";15,46
"02/19/2016";15,4
"02/22/2016";15,22
"02/23/2016";15,28
"02/24/2016";15,33
"02/25/2016";15,2
"02/26/2016";14,71
"02/29/2016";14,92
"03/01/2016";14,76
"03/02/2016";15,02
"03/03/2016";15,15
"03/04/2016";15,69
"03/07/2016";15,63
"03/08/2016";15,39
"03/09/2016";15,37
"03/10/2016";15,55
"03/11/2016";15,61
"03/14/2016";15,52
"03/15/2016";15,26
"03/16/2016";15,22
"03/17/2016";16,03
"03/18/2016";15,81
"03/21/2016";15,85
"03/22/2016";15,89
"03/23/2016";15,27
"03/24/2016";15,2
"03/28/2016";15,19
"03/29/2016";15,23
"03/30/2016";15,21
"03/31/2016";15,46
"04/01/2016";15,05
"04/04/2016";14,94
"04/05/2016";15,12
"04/06/2016";15,05
"04/07/2016";15,16
"04/08/2016";15,38
"04/11/2016";15,98
"04/12/2016";16,22
"04/13/2016";16,33
"04/14/2016";16,17
"04/15/2016";16,31
"04/18/2016";16,25
"04/19/2016";16,97
"04/20/2016";17,18
"04/21/2016";17,14
"04/22/2016";16,95
"04/24/2016";16,98
"04/25/2016";17,06
"04/26/2016";17,16
"04/27/2016";17,34
"04/28/2016";17,59
"04/29/2016";17,82
"05/01/2016";17,77
"05/02/2016";17,68
"05/03/2016";17,5
"05/04/2016";17,3
"05/05/2016";17,327
"05/06/2016";17,527
"05/08/2016";17,44
"05/09/2016";17,089
"05/10/2016";17,092
"05/11/2016";17,319
"05/12/2016";17,103
"05/13/2016";17,132
"05/15/2016";17,33
"05/16/2016";17,154
"05/17/2016";17,25
"05/18/2016";17,132
"05/19/2016";16,493
"05/20/2016";16,532
"05/22/2016";16,54
"05/23/2016";16,423
"05/24/2016";16,254
"05/25/2016";16,261
"05/26/2016";16,343
"05/27/2016";16,269
"05/31/2016";15,994
"06/01/2016";15,927
"06/02/2016";16,025
"06/03/2016";16,365
"06/04/2016";16,44
"06/06/2016";16,447
"06/07/2016";16,394
"06/08/2016";16,985
"06/09/2016";17,268
"06/10/2016";17,33
"06/13/2016";17,443
"06/14/2016";17,424
"06/15/2016";17,503
"06/16/2016";17,607
"06/17/2016";17,411
"06/20/2016";17,514
"06/21/2016";17,374
"06/22/2016";17,367
"06/23/2016";17,41
"06/24/2016";17,839
"06/27/2016";17,786
"06/28/2016";17,889
"06/29/2016";18,407
"06/30/2016";18,623
"07/01/2016";19,588
"07/04/2016";20,41
"07/05/2016";19,907
"07/06/2016";20,203
"07/07/2016";19,838
"07/08/2016";20,099
"07/11/2016";20,304
"07/12/2016";20,171
"07/13/2016";20,413
"07/14/2016";20,322
"07/15/2016";20,165
"07/18/2016";20,075
"07/19/2016";20,007
"07/20/2016";19,613
"07/21/2016";19,815
"07/22/2016";19,689
"07/25/2016";19,647
"07/26/2016";19,683
"07/27/2016";19,995
"07/28/2016";20,192
"07/29/2016";20,347
"08/01/2016";20,5
"08/02/2016";20,701
"08/03/2016";20,471
"08/04/2016";20,443
"08/05/2016";19,817
"08/08/2016";19,805
"08/09/2016";19,85
"08/10/2016";20,17
"08/11/2016";20,02
"08/12/2016";19,703
"08/15/2016";19,847
"08/16/2016";19,874
"08/17/2016";19,648
"08/18/2016";19,74
"08/19/2016";19,449
"08/22/2016";18,998
"08/23/2016";19,065
"08/24/2016";18,688
"08/25/2016";18,615
"08/26/2016";18,745
"08/29/2016";18,859
"08/30/2016";18,673
"08/31/2016";18,707
"09/01/2016";18,943
"09/02/2016";19,366
"09/05/2016";19,615
"09/06/2016";20,138
"09/07/2016";19,848
"09/08/2016";19,678
"09/09/2016";19,368
"09/12/2016";19
"09/13/2016";18,975
"09/14/2016";19,066
"09/15/2016";19,041
"09/16/2016";18,862
"09/19/2016";19,29
"09/20/2016";19,277
"09/21/2016";19,768
"09/22/2016";20,099
"09/23/2016";19,81
"09/26/2016";19,596
"09/27/2016";19,165
"09/28/2016";19,121
"09/29/2016";19,188
"09/30/2016";19,214
"10/03/2016";18,868
"10/04/2016";17,775
"10/05/2016";17,695
"10/06/2016";17,345
"10/07/2016";17,38
"10/10/2016";17,659
"10/11/2016";17,509
"10/12/2016";17,505
"10/13/2016";17,458
"10/14/2016";17,441
"10/17/2016";17,474
"10/18/2016";17,638
"10/19/2016";17,663
"10/20/2016";17,549
"10/21/2016";17,493
"10/24/2016";17,604
"10/25/2016";17,78
"10/26/2016";17,626
"10/27/2016";17,639
"10/28/2016";17,796
"10/31/2016";17,796
"11/01/2016";18,418
"11/02/2016";18,693
"11/03/2016";18,416
"11/04/2016";18,371
"11/07/2016";18,151
"11/08/2016";18,356
"11/09/2016";18,378
"11/10/2016";18,737
"11/11/2016";17,382
"11/14/2016";16,893
"11/15/2016";17,043
"11/16/2016";16,927
"11/17/2016";16,875
"11/18/2016";16,721
"11/21/2016";16,621
"11/22/2016";16,735
"11/23/2016";16,485
"11/24/2016";16,4
"11/25/2016";16,554
"11/28/2016";16,675
"11/29/2016";16,74
"11/30/2016";16,482
"12/01/2016";16,506
"12/02/2016";16,832
"12/05/2016";16,899
"12/06/2016";16,81
"12/07/2016";17,275
"12/08/2016";17,096
"12/09/2016";16,967
"12/12/2016";17,187
"12/13/2016";16,977
"12/14/2016";17,221
"12/15/2016";15,958
"12/16/2016";16,215
"12/19/2016";16,089
"12/20/2016";16,117
"12/21/2016";15,979
"12/22/2016";15,871
"12/23/2016";15,759
"12/26/2016";15,785
"12/27/2016";15,989
"12/28/2016";16,038
"12/29/2016";16,218
"12/30/2016";15,989
"01/03/2017";16,409
"01/04/2017";16,552
"01/05/2017";16,637
"01/06/2017";16,519
"01/09/2017";16,683
"01/10/2017";16,848
"01/11/2017";16,828
"01/12/2017";16,825
"01/13/2017";16,765
"01/16/2017";16,825
"01/17/2017";17,148
"01/18/2017";17,274
"01/19/2017";17,002
"01/20/2017";17,032
"01/23/2017";17,186
"01/24/2017";17,185
"01/25/2017";16,98
"01/26/2017";16,85
"01/27/2017";17,136
"01/30/2017";17,152
"01/31/2017";17,543
"02/01/2017";17,45
"02/02/2017";17,429
"02/03/2017";17,479
"02/06/2017";17,693
"02/07/2017";17,756
"02/08/2017";17,705
"02/09/2017";17,741
"02/10/2017";17,933
"02/13/2017";17,821
"02/14/2017";17,889
"02/15/2017";18,033
"02/16/2017";18,146
"02/17/2017";18,103
"02/20/2017";18,125
"02/21/2017";18,074
"02/22/2017";18,022
"02/23/2017";18,185
"02/24/2017";18,406
"02/27/2017";18,417
"02/28/2017";18,469
"03/01/2017";18,489
"03/02/2017";17,748
"03/03/2017";17,74
"03/06/2017";17,773
"03/07/2017";17,536
"03/08/2017";17,298
"03/09/2017";17,036
"03/10/2017";16,923
"03/13/2017";16,972
"03/14/2017";16,923
"03/15/2017";16,923
"03/16/2017";17,33
"03/17/2017";17,413
"03/20/2017";17,438
"03/21/2017";17,583
"03/22/2017";17,578
"03/23/2017";17,593
"03/24/2017";17,748
"03/27/2017";18,108
"03/28/2017";18,252
"03/29/2017";18,252
"03/30/2017";18,206
"03/31/2017";18,256
"04/03/2017";18,212
"04/04/2017";18,323
"04/05/2017";18,187
"04/06/2017";18,246
"04/07/2017";18,151
"04/10/2017";17,915
"04/11/2017";18,254
"04/12/2017";18,3
"04/13/2017";18,51
"04/17/2017";18,514
"04/18/2017";18,272
"04/19/2017";18,162
"04/20/2017";18,098
"04/21/2017";17,937
"04/24/2017";17,932
"04/25/2017";17,659
"04/26/2017";17,431
"04/27/2017";17,334
"04/28/2017";17,262
"05/01/2017";16,842
"05/02/2017";16,831
"05/03/2017";16,546
"05/04/2017";16,303
"05/05/2017";16,274
"05/08/2017";16,258
"05/09/2017";16,067
"05/10/2017";16,207
"05/11/2017";16,265
"05/12/2017";16,402
"05/15/2017";16,603
"05/16/2017";16,747
"05/17/2017";16,906
"05/18/2017";16,67
"05/19/2017";16,796
"05/22/2017";17,191
"05/23/2017";17,139
"05/24/2017";17,117
"05/25/2017";17,193
"05/26/2017";17,323
"05/29/2017";17,4
"05/30/2017";17,427
"05/31/2017";17,406
"06/01/2017";17,281
"06/02/2017";17,525
"06/05/2017";17,581
"06/06/2017";17,71
"06/07/2017";17,62
"06/08/2017";17,414
"06/09/2017";17,223
"06/12/2017";16,944
"06/13/2017";16,767
"06/14/2017";17,136
"06/15/2017";16,716
"06/16/2017";16,661
"06/19/2017";16,502
"06/20/2017";16,476
"06/21/2017";16,434
"06/22/2017";16,573
"06/23/2017";16,707
"06/26/2017";16,631
"06/27/2017";16,651
"06/28/2017";16,791
"06/29/2017";16,654
"06/30/2017";16,627
"07/03/2017";16,092
"07/04/2017";16,055
"07/05/2017";15,896
"07/06/2017";15,983
"07/07/2017";15,425
"07/10/2017";15,629
"07/11/2017";15,745
"07/12/2017";15,887
"07/13/2017";15,691
"07/14/2017";15,933
"07/17/2017";16,099
"07/18/2017";16,268
"07/19/2017";16,297
"07/20/2017";16,345
"07/21/2017";16,457
"07/24/2017";16,443
"07/25/2017";16,542
"07/26/2017";16,459
"07/27/2017";16,573
"07/28/2017";16,695
"07/31/2017";16,786
"08/01/2017";16,764
"08/02/2017";16,733
"08/03/2017";16,63
"08/04/2017";16,252
"08/07/2017";16,251
"08/08/2017";16,389
"08/09/2017";16,863
"08/10/2017";17,065
"08/11/2017";17,07
"08/14/2017";17,122
"08/15/2017";16,714
"08/16/2017";16,94
"08/17/2017";17,053
"08/18/2017";17
"08/21/2017";17,096
"08/22/2017";17,06
"08/23/2017";17,126
"08/24/2017";17,046
"08/25/2017";17,132
"08/28/2017";17,529
"08/29/2017";17,516
"08/30/2017";17,503
"08/31/2017";17,575
"09/01/2017";17,816
"09/04/2017";17,98
"09/05/2017";17,941
"09/06/2017";17,91
"09/07/2017";18,116
"09/08/2017";18,123
"09/11/2017";17,902
"09/12/2017";17,89
"09/13/2017";17,867
"09/14/2017";17,789
"09/15/2017";17,701
"09/18/2017";17,156
"09/19/2017";17,279
"09/20/2017";17,334
"09/21/2017";17,018
"09/22/2017";16,984
"09/25/2017";17,147
"09/26/2017";16,883
"09/27/2017";16,827
"09/28/2017";16,847
"09/29/2017";16,676
"10/02/2017";16,654
"10/03/2017";16,65
"10/04/2017";16,624
"10/05/2017";16,638
"10/06/2017";16,79
"10/09/2017";16,971
"10/10/2017";17,207
"10/11/2017";17,133
"10/12/2017";17,266
"10/13/2017";17,411
"10/16/2017";17,369
"10/17/2017";17,041
"10/18/2017";16,997
"10/19/2017";17,255
"10/20/2017";17,078
"10/23/2017";17,075
"10/24/2017";16,966
"10/25/2017";16,925
"10/26/2017";16,811
"10/27/2017";16,752
"10/30/2017";16,847
"10/31/2017";16,693
"11/01/2017";17,176
"11/02/2017";17,137
"11/03/2017";16,834
"11/06/2017";17,235
"11/07/2017";16,94
"11/08/2017";17,138
"11/09/2017";16,975
"11/10/2017";16,871
"11/13/2017";17,047
"11/14/2017";17,073
"11/15/2017";16,971
"11/16/2017";17,072
"11/17/2017";17,373
"11/20/2017";16,842
"11/21/2017";16,96
"11/22/2017";17,112
"11/23/2017";17,175
"11/24/2017";16,992
"11/27/2017";17,026
"11/28/2017";16,8348
"11/29/2017";16,478
"11/30/2017";16,4052
"12/01/2017";16,322
"12/04/2017";16,306
"12/05/2017";16
"12/06/2017";15,886
"12/07/2017";15,721
"12/08/2017";15,744
"12/11/2017";15,71
"12/12/2017";15,593
"12/13/2017";15,798
"12/14/2017";15,864
"12/15/2017";15,993
"12/18/2017";16,132
"12/19/2017";16,079
"12/20/2017";16,197
"12/21/2017";16,159
"12/22/2017";16,36
"12/26/2017";16,5504
"12/27/2017";16,7026
"12/28/2017";16,8866
"12/29/2017";17,128
"01/02/2018";17,206
"01/03/2018";17,267
"01/04/2018";17,269
"01/05/2018";17,285
"01/08/2018";17,144
"01/09/2018";17,01
"01/10/2018";17,035
"01/11/2018";16,966
"01/12/2018";17,141
"01/15/2018";17,355
"01/16/2018";17,189
"01/17/2018";17,166
"01/18/2018";16,954
"01/19/2018";17,036
"01/22/2018";16,989
"01/23/2018";16,913
"01/24/2018";17,489
"01/25/2018";17,615
"01/26/2018";17,441
"01/29/2018";17,127
"01/30/2018";17,058
"01/31/2018";17,241
"02/01/2018";17,155
"02/02/2018";16,709
"02/05/2018";16,671
"02/06/2018";16,58
"02/07/2018";16,238
"02/08/2018";16,341
"02/09/2018";16,139
"02/12/2018";16,57
"02/13/2018";16,528
"02/14/2018";16,878
"02/15/2018";16,796
"02/16/2018";16,712
"02/19/2018";16,66
"02/20/2018";16,438
"02/21/2018";16,617
"02/22/2018";16,587
"02/23/2018";16,497
"02/26/2018";16,5788
"02/27/2018";16,3988
"02/28/2018";16,3904
"03/01/2018";16,276
"03/02/2018";16,466
"03/05/2018";16,412
"03/06/2018";16,784
"03/07/2018";16,494
"03/08/2018";16,5
"03/09/2018";16,608
"03/12/2018";16,536
"03/13/2018";16,627
"03/14/2018";16,537
"03/15/2018";16,422
"03/16/2018";16,272
"03/19/2018";16,325
"03/20/2018";16,185
"03/21/2018";16,419
"03/22/2018";16,387
"03/23/2018";16,582
"03/26/2018";16,684
"03/27/2018";16,541
"03/28/2018";16,253
"03/29/2018";16,268
"04/02/2018";16,672
"04/03/2018";16,392
"04/04/2018";16,254
"04/05/2018";16,355
"04/06/2018";16,362
"04/09/2018";16,529
"04/10/2018";16,596
"04/11/2018";16,768
"04/12/2018";16,473
"04/13/2018";16,658
"04/16/2018";16,677
"04/17/2018";16,787
"04/18/2018";17,248
"04/19/2018";17,239
"04/20/2018";17,163
"04/23/2018";16,587
"04/24/2018";16,703
"04/25/2018";16,517
"04/26/2018";16,5214
"04/27/2018";16,4606
"04/30/2018";16,3832
"05/01/2018";16,127
"05/02/2018";16,375
"05/03/2018";16,447
"05/04/2018";16,519
"05/07/2018";16,495
"05/08/2018";16,472
"05/09/2018";16,539
"05/10/2018";16,759
"05/11/2018";16,752
"05/14/2018";16,645
"05/15/2018";16,269
"05/16/2018";16,371
"05/17/2018";16,481
"05/18/2018";16,455
"05/21/2018";16,52
"05/22/2018";16,575
"05/23/2018";16,405
"05/24/2018";16,687
"05/25/2018";16,546
"05/29/2018";16,373
"05/30/2018";16,544
"05/31/2018";16,458
"06/01/2018";16,441
"06/04/2018";16,431
"06/05/2018";16,543
"06/06/2018";16,694
"06/07/2018";16,815
"06/08/2018";16,741
"06/11/2018";16,952
"06/12/2018";16,891
"06/13/2018";16,991
"06/14/2018";17,262
"06/15/2018";16,48
"06/18/2018";16,44
"06/19/2018";16,323
"06/20/2018";16,309
"06/21/2018";16,326
"06/22/2018";16,459
"06/25/2018";16,328
"06/26/2018";16,2662
"06/27/2018";16,1854
"06/28/2018";16,005
"06/29/2018";16,1792
"07/02/2018";15,835
"07/03/2018";16,043
"07/05/2018";16,097
"07/06/2018";16,069
"07/09/2018";16,139
"07/10/2018";16,087
"07/11/2018";15,817
"07/12/2018";15,977
"07/13/2018";15,815
"07/16/2018";15,812
"07/17/2018";15,617
"07/18/2018";15,574
"07/19/2018";15,402
"07/20/2018";15,549
"07/23/2018";15,425
"07/24/2018";15,52
"07/25/2018";15,589
"07/26/2018";15,495
"07/27/2018";15,493
"07/30/2018";15,537
"07/31/2018";15,559
"08/01/2018";15,452
"08/02/2018";15,385
"08/03/2018";15,462
"08/06/2018";15,348
"08/07/2018";15,373
"08/08/2018";15,432
"08/09/2018";15,462
"08/10/2018";15,295
"08/13/2018";14,982
"08/14/2018";15,053
"08/15/2018";14,454
"08/16/2018";14,713
"08/17/2018";14,631
"08/20/2018";14,67
"08/21/2018";14,766
"08/22/2018";14,75
"08/23/2018";14,542
"08/24/2018";14,794
"08/27/2018";14,859
"08/28/2018";14,799
"08/29/2018";14,7422
"08/30/2018";14,5472
"08/31/2018";14,5332
"09/04/2018";14,18
"09/05/2018";14,22
"09/06/2018";14,181
"09/07/2018";14,17
"09/10/2018";14,181
"09/11/2018";14,153
"09/12/2018";14,293
"09/13/2018";14,244
"09/14/2018";14,142
"09/17/2018";14,223
"09/18/2018";14,185
"09/19/2018";14,28
"09/20/2018";14,305
"09/21/2018";14,359
"09/24/2018";14,341
"09/25/2018";14,493
"09/26/2018";14,401
"09/27/2018";14,29
"09/28/2018";14,712
"10/01/2018";14,507
"10/02/2018";14,693
"10/03/2018";14,67
"10/04/2018";14,59
"10/05/2018";14,649
"10/08/2018";14,329
"10/09/2018";14,4
"10/10/2018";14,326
"10/11/2018";14,606
"10/12/2018";14,635
"10/15/2018";14,727
"10/16/2018";14,701
"10/17/2018";14,663
"10/18/2018";14,604
"10/19/2018";14,65
"10/22/2018";14,587
"10/23/2018";14,793
"10/24/2018";14,676
"10/25/2018";14,63
"10/26/2018";14,7
"10/29/2018";14,442
"10/30/2018";14,462
"10/31/2018";14,282
"11/01/2018";14,777
"11/02/2018";14,756
"11/05/2018";14,647
"11/06/2018";14,5
"11/07/2018";14,569
"11/08/2018";14,423
"11/09/2018";14,14
"11/12/2018";14,011
"11/13/2018";13,977
"11/14/2018";14,08
"11/15/2018";14,263
"11/16/2018";14,382
"11/19/2018";14,403
"11/20/2018";14,269
"11/21/2018";14,502
"11/23/2018";14,243
"11/26/2018";14,205
"11/27/2018";14,0944
"11/28/2018";14,3438
"11/29/2018";14,2958
"11/30/2018";14,1268
"12/03/2018";14,41
"12/04/2018";14,552
"12/05/2018";14,492
"12/06/2018";14,42
"12/07/2018";14,606
"12/10/2018";14,513
"12/11/2018";14,533
"12/12/2018";14,755
"12/13/2018";14,76
"12/14/2018";14,542
"12/17/2018";14,664
"12/18/2018";14,607
"12/19/2018";14,723
"12/20/2018";14,755
"12/21/2018";14,586
"12/24/2018";14,704
"12/26/2018";15,0302
"12/27/2018";15,2458
"12/28/2018";15,392
"12/31/2018";15,5186
"01/02/2019";15,649
"01/03/2019";15,797
"01/04/2019";15,786
"01/07/2019";15,756
"01/08/2019";15,713
"01/09/2019";15,735
"01/10/2019";15,643
"01/11/2019";15,656
"01/14/2019";15,686
"01/15/2019";15,62
"01/16/2019";15,638
"01/17/2019";15,536
"01/18/2019";15,399
"01/22/2019";15,325
"01/23/2019";15,38
"01/24/2019";15,3
"01/25/2019";15,699
"01/28/2019";15,765
"01/29/2019";15,839
"01/30/2019";15,927
"01/31/2019";16,072
"02/01/2019";15,931
"02/04/2019";15,886
"02/05/2019";15,836
"02/06/2019";15,701
"02/07/2019";15,713
"02/08/2019";15,809
"02/11/2019";15,69
"02/12/2019";15,69
"02/13/2019";15,652
"02/14/2019";15,528
"02/15/2019";15,743
"02/19/2019";15,967
"02/20/2019";16,177
"02/21/2019";15,801
"02/22/2019";15,914
"02/25/2019";15,8496
"02/26/2019";15,8696
"02/27/2019";15,7284
"02/28/2019";15,6148
"03/01/2019";15,256
"03/04/2019";15,105
"03/05/2019";15,105
"03/06/2019";15,085
"03/07/2019";15,04
"03/08/2019";15,349
"03/11/2019";15,274
"03/12/2019";15,413
"03/13/2019";15,456
"03/14/2019";15,171
"03/15/2019";15,324
"03/18/2019";15,322
"03/19/2019";15,372
"03/20/2019";15,318
"03/21/2019";15,437
"03/22/2019";15,407
"03/25/2019";15,567
"03/26/2019";15,429
"03/27/2019";15,298
"03/28/2019";14,973
"03/29/2019";15,11
"04/01/2019";15,099
"04/02/2019";15,061
"04/03/2019";15,102
"04/04/2019";15,084
"04/05/2019";15,086
"04/08/2019";15,216
"04/09/2019";15,211
"04/10/2019";15,244
"04/11/2019";14,867
"04/12/2019";14,963
"04/15/2019";14,975
"04/16/2019";14,915
"04/17/2019";14,939
"04/18/2019";14,955
"04/22/2019";14,975
"04/23/2019";14,791
"04/24/2019";14,916
"04/25/2019";14,8952
"04/26/2019";15,0382
"04/29/2019";14,8974
"04/30/2019";14,9672
"05/01/2019";14,729
"05/02/2019";14,617
"05/03/2019";14,978
"05/06/2019";14,927
"05/07/2019";14,926
"05/08/2019";14,862
"05/09/2019";14,773
"05/10/2019";14,79
"05/13/2019";14,777
"05/14/2019";14,812
"05/15/2019";14,812
"05/16/2019";14,539
"05/17/2019";14,388
"05/20/2019";14,445
"05/21/2019";14,41
"05/22/2019";14,449
"05/23/2019";14,613
"05/24/2019";14,555
"05/28/2019";14,32
"05/29/2019";14,411
"05/30/2019";14,491
"05/31/2019";14,567
"06/03/2019";14,74
"06/04/2019";14,769
"06/05/2019";14,791
"06/06/2019";14,905
"06/07/2019";15,031
"06/10/2019";14,639
"06/11/2019";14,74
"06/12/2019";14,753
"06/13/2019";14,892
"06/14/2019";14,803
"06/17/2019";14,829
"06/18/2019";14,993
"06/19/2019";14,958
"06/20/2019";15,492
"06/21/2019";15,29
"06/24/2019";15,377
"06/25/2019";15,3166
"06/26/2019";15,3264
"06/27/2019";15,2584
"06/28/2019";15,3234
"07/01/2019";15,193
"07/02/2019";15,238
"07/03/2019";15,336
"07/05/2019";15,001
"07/08/2019";15,05
"07/09/2019";15,147
"07/10/2019";15,226
"07/11/2019";15,146
"07/12/2019";15,236
"07/15/2019";15,365
"07/16/2019";15,678
"07/17/2019";15,971
"07/18/2019";16,198
"07/19/2019";16,195
"07/22/2019";16,411
"07/23/2019";16,476
"07/24/2019";16,626
"07/25/2019";16,411
"07/26/2019";16,397
"07/29/2019";16,44
"07/30/2019";16,558
"07/31/2019";16,405
"08/01/2019";16,18
"08/02/2019";16,27
"08/05/2019";16,393
"08/06/2019";16,445
"08/07/2019";17,196
"08/08/2019";16,936
"08/09/2019";16,931
"08/12/2019";17,071
"08/13/2019";16,985
"08/14/2019";17,28
"08/15/2019";17,214
"08/16/2019";17,122
"08/19/2019";16,94
"08/20/2019";17,148
"08/21/2019";17,151
"08/22/2019";17,04
"08/23/2019";17,413
"08/26/2019";17,641
"08/27/2019";18,182
"08/28/2019";18,3732
"08/29/2019";18,2606
"08/30/2019";18,3106
"09/03/2019";19,237
"09/04/2019";19,547
"09/05/2019";18,807
"09/06/2019";18,119
"09/09/2019";18,167
"09/10/2019";18,186
"09/11/2019";18,17
"09/12/2019";18,177
"09/13/2019";17,569
"09/16/2019";18,026
"09/17/2019";18,14
"09/18/2019";17,919
"09/19/2019";17,884
"09/20/2019";17,849
"09/23/2019";18,711
"09/24/2019";18,628
"09/25/2019";18,073
"09/26/2019";17,912
"09/27/2019";17,652
"09/30/2019";16,998
"10/01/2019";17,302
"10/02/2019";17,683
"10/03/2019";17,676
"10/04/2019";17,625
"10/07/2019";17,54
"10/08/2019";17,7
"10/09/2019";17,81
"10/10/2019";17,602
"10/11/2019";17,544
"10/14/2019";17,71
"10/15/2019";17,384
"10/16/2019";17,427
"10/17/2019";17,612
"10/18/2019";17,578
"10/21/2019";17,602
"10/22/2019";17,5
"10/23/2019";17,58
"10/24/2019";17,804
"10/25/2019";17,926
"10/28/2019";17,876
"10/29/2019";17,831
"10/30/2019";17,867
"10/31/2019";18,067
"11/01/2019";18,052
"11/04/2019";18,066
"11/05/2019";17,568
"11/06/2019";17,598
"11/07/2019";17,01
"11/08/2019";16,823
"11/11/2019";16,802
"11/12/2019";16,692
"11/13/2019";16,913
"11/14/2019";17,028
"11/15/2019";16,948
"11/18/2019";17
"11/19/2019";17,118
"11/20/2019";17,115
"11/21/2019";17,065
"11/22/2019";17
"11/25/2019";16,8966
"11/26/2019";17,0654
"11/27/2019";16,942
"11/29/2019";17,0042
"12/02/2019";16,87
"12/03/2019";17,158
"12/04/2019";16,835
"12/05/2019";16,97
"12/06/2019";16,507
"12/09/2019";16,548
"12/10/2019";16,612
"12/11/2019";16,76
"12/12/2019";16,862
"12/13/2019";16,93
"12/16/2019";17,029
"12/17/2019";16,986
"12/18/2019";16,96
"12/19/2019";17,072
"12/20/2019";17,143
"12/23/2019";17,42
"12/24/2019";17,769
"12/26/2019";17,9268
"12/27/2019";17,8872
"12/30/2019";17,9638
"12/31/2019";17,9024
"01/02/2020";18,046
"01/03/2020";18,151
"01/06/2020";18,179
"01/07/2020";18,393
"01/08/2020";18,167
"01/09/2020";17,936
"01/10/2020";18,105
"01/13/2020";17,996
"01/14/2020";17,742
"01/15/2020";17,988
"01/16/2020";17,939
"01/17/2020";18,073
"01/21/2020";17,808
"01/22/2020";17,828
"01/23/2020";17,829
"01/24/2020";18,113
"01/27/2020";18,056
"01/28/2020";17,458
"01/29/2020";17,487
"01/30/2020";17,992
"01/31/2020";18,012
"02/03/2020";17,67
"02/04/2020";17,561
"02/05/2020";17,602
"02/06/2020";17,818
"02/07/2020";17,692
"02/10/2020";17,785
"02/11/2020";17,597
"02/12/2020";17,497
"02/13/2020";17,619
"02/14/2020";17,734
"02/18/2020";18,15
"02/19/2020";18,311
"02/20/2020";18,319
"02/21/2020";18,53
"02/24/2020";18,876
"02/25/2020";18,2064
"02/26/2020";17,866
"02/27/2020";17,7042
"02/28/2020";16,443
"03/02/2020";16,739
"03/03/2020";17,188
"03/04/2020";17,246
"03/05/2020";17,393
"03/06/2020";17,263
"03/09/2020";17,054
"03/10/2020";16,955
"03/11/2020";16,776
"03/12/2020";16,005
"03/13/2020";14,5
"03/16/2020";12,816
"03/17/2020";12,495
"03/18/2020";11,772
"03/19/2020";12,134
"03/20/2020";12,385
"03/23/2020";13,261
"03/24/2020";14,257
"03/25/2020";14,873
"03/26/2020";14,676
"03/27/2020";14,534
"03/30/2020";14,132
"03/31/2020";14,156
"04/01/2020";13,984
"04/02/2020";14,654
"04/03/2020";14,494
"04/06/2020";15,169
"04/07/2020";15,48
"04/08/2020";15,205
"04/09/2020";16,053
"04/13/2020";15,537
"04/14/2020";16,13
"04/15/2020";15,505
"04/16/2020";15,622
"04/17/2020";15,295
"04/20/2020";15,614
"04/21/2020";14,876
"04/22/2020";15,335
"04/23/2020";15,357
"04/24/2020";15,263
"04/27/2020";15,2362
"04/28/2020";15,2338
"04/29/2020";15,253
"04/30/2020";14,958
"05/01/2020";14,938
"05/04/2020";14,796
"05/05/2020";15,11
"05/06/2020";15,015
"05/07/2020";15,59
"05/08/2020";15,778
"05/11/2020";15,68
"05/12/2020";15,709
"05/13/2020";15,671
"05/14/2020";16,156
"05/15/2020";17,07
"05/18/2020";17,468
"05/19/2020";17,901
"05/20/2020";18,031
"05/21/2020";17,364
"05/22/2020";17,693
"05/26/2020";17,595
"05/27/2020";17,757
"05/28/2020";17,967
"05/29/2020";18,499
"06/01/2020";18,827
"06/02/2020";18,26
"06/03/2020";17,958
"06/04/2020";18,061
"06/05/2020";17,479
"06/08/2020";17,893
"06/09/2020";17,794
"06/10/2020";17,796
"06/11/2020";17,889
"06/12/2020";17,482
"06/15/2020";17,399
"06/16/2020";17,652
"06/17/2020";17,775
"06/18/2020";17,508
"06/19/2020";17,847
"06/22/2020";17,902
"06/23/2020";18,063
"06/24/2020";17,67
"06/25/2020";17,9262
"06/26/2020";18,0882
"06/29/2020";18,0304
"06/30/2020";18,6178
"07/01/2020";18,218
"07/02/2020";18,322
"07/06/2020";18,582
"07/07/2020";18,699
"07/08/2020";19,161
"07/09/2020";18,962
"07/10/2020";19,053
"07/13/2020";19,788
"07/14/2020";19,53
"07/15/2020";19,761
"07/16/2020";19,573
"07/17/2020";19,764
"07/20/2020";20,192
"07/21/2020";21,557
"07/22/2020";23,144
"07/23/2020";22,988
"07/24/2020";22,85
"07/27/2020";24,501
"07/28/2020";24,3
"07/29/2020";24,321
"07/30/2020";23,362
"07/31/2020";24,216
"08/03/2020";24,417
"08/04/2020";26,028
"08/05/2020";26,89
"08/06/2020";28,4
"08/07/2020";27,54
"08/10/2020";29,261
"08/11/2020";26,049
"08/12/2020";25,979
"08/13/2020";27,718
"08/14/2020";26,089
"08/17/2020";27,667
"08/18/2020";28,075
"08/19/2020";27,34
"08/20/2020";27,147
"08/21/2020";26,732
"08/24/2020";26,607
"08/25/2020";26,273
"08/26/2020";27,48
"08/27/2020";27,0942
"08/28/2020";27,718
"08/31/2020";28,5626
"09/01/2020";28,645
"09/02/2020";27,395
"09/03/2020";26,875
"09/04/2020";26,712
"09/08/2020";26,991
"09/09/2020";27,083
"09/10/2020";27,291
"09/11/2020";26,857
"09/14/2020";27,355
"09/15/2020";27,464
"09/16/2020";27,476
"09/17/2020";27,1
"09/18/2020";27,129
"09/21/2020";24,387
"09/22/2020";24,523
"09/23/2020";23,105
"09/24/2020";23,196
"09/25/2020";23,093
"09/28/2020";23,604
"09/29/2020";24,445
"09/30/2020";23,494
"10/01/2020";24,254
"10/02/2020";24,029
"10/05/2020";24,56
"10/06/2020";23,921
"10/07/2020";23,896
"10/08/2020";23,876
"10/09/2020";25,108
"10/12/2020";25,271
"10/13/2020";24,129
"10/14/2020";24,395
"10/15/2020";24,224
"10/16/2020";24,405
"10/19/2020";24,698
"10/20/2020";24,98
"10/21/2020";25,241
"10/22/2020";24,709
"10/23/2020";24,675
"10/26/2020";24,42
"10/27/2020";24,57
"10/28/2020";23,359
"10/29/2020";23,36
"10/30/2020";23,646
"11/02/2020";24,033
"11/03/2020";24,334
"11/04/2020";23,893
"11/05/2020";25,191
"11/06/2020";25,662
"11/09/2020";23,701
"11/10/2020";24,462
"11/11/2020";24,267
"11/12/2020";24,306
"11/13/2020";24,775
"11/16/2020";24,802
"11/17/2020";24,651
"11/18/2020";24,448
"11/19/2020";24,048
"11/20/2020";24,363
"11/23/2020";23,633
"11/24/2020";23,306
"11/25/2020";23,372
"11/27/2020";22,5746
"11/30/2020";22,5532
"12/01/2020";24,053
"12/02/2020";24,039
"12/03/2020";24,096
"12/04/2020";24,212
"12/07/2020";24,748
"12/08/2020";24,692
"12/09/2020";23,944
"12/10/2020";24,043
"12/11/2020";24,042
"12/14/2020";23,996
"12/15/2020";24,589
"12/16/2020";24,991
"12/17/2020";26,116
"12/18/2020";25,96
"12/21/2020";26,294
"12/22/2020";25,455
"12/23/2020";25,841
"12/24/2020";25,823
"12/28/2020";26,4758
"12/29/2020";26,1684
"12/30/2020";26,539
"12/31/2020";26,396
"01/04/2021";27,364
"01/05/2021";27,64
"01/06/2021";27,042
"01/07/2021";27,261
"01/08/2021";24,637
"01/11/2021";25,284
"01/12/2021";25,435
"01/13/2021";25,572
"01/14/2021";25,802
"01/15/2021";24,866
"01/19/2021";25,32
"01/20/2021";25,766
"01/21/2021";25,854
"01/22/2021";25,556
"01/25/2021";25,484
"01/26/2021";25,538
"01/27/2021";25,389
"01/28/2021";25,922
"01/29/2021";26,914
"02/01/2021";29,418
"02/02/2021";26,402
"02/03/2021";26,889
"02/04/2021";26,234
"02/05/2021";27,019
"02/08/2021";27,576
"02/09/2021";27,402
"02/10/2021";27,078
"02/11/2021";27,047
"02/12/2021";27,328
"02/16/2021";27,325
"02/17/2021";27,315
"02/18/2021";27,078
"02/19/2021";27,254
"02/22/2021";28,085
"02/23/2021";27,6988
"02/24/2021";27,8866
"02/25/2021";27,6658
"02/26/2021";26,4324
"03/01/2021";26,678
"03/02/2021";26,879
"03/03/2021";26,387
"03/04/2021";25,461
"03/05/2021";25,287
"03/08/2021";25,269
"03/09/2021";26,183
"03/10/2021";26,13
"03/11/2021";26,193
"03/12/2021";25,911
"03/15/2021";26,288
"03/16/2021";26,003
"03/17/2021";26,058
"03/18/2021";26,351
"03/19/2021";26,321
"03/22/2021";25,769
"03/23/2021";25,227
"03/24/2021";25,231
"03/25/2021";25,047
"03/26/2021";25,114
"03/29/2021";24,771
"03/30/2021";24,137
"03/31/2021";24,532
"04/01/2021";24,948
"04/05/2021";24,78
"04/06/2021";25,227
"04/07/2021";25,247
"04/08/2021";25,585
"04/09/2021";25,325
"04/12/2021";24,867
"04/13/2021";25,426
"04/14/2021";25,524
"04/15/2021";25,964
"04/16/2021";26,105
"04/19/2021";25,837
"04/20/2021";25,84
"04/21/2021";26,57
"04/22/2021";26,18
"04/23/2021";26,075
"04/26/2021";26,209
"04/27/2021";26,418
"04/28/2021";26,0982
"04/29/2021";26,0722
"04/30/2021";25,869
"05/03/2021";26,96
"05/04/2021";26,558
"05/05/2021";26,522
"05/06/2021";27,477
"05/07/2021";27,477
"05/10/2021";27,492
"05/11/2021";27,667
"05/12/2021";27,244
"05/13/2021";27,059
"05/14/2021";27,365
"05/17/2021";28,274
"05/18/2021";28,333
"05/19/2021";28,025
"05/20/2021";28,067
"05/21/2021";27,486
"05/24/2021";27,905
"05/25/2021";28,056
"05/26/2021";27,877
"05/27/2021";27,94
"05/28/2021";28,014
"06/01/2021";28,102
"06/02/2021";28,204
"06/03/2021";27,477
"06/04/2021";27,896
"06/07/2021";28,018
"06/08/2021";27,731
"06/09/2021";28,002
"06/10/2021";28,031
"06/11/2021";28,146
"06/14/2021";28,039
"06/15/2021";27,693
"06/16/2021";27,812
"06/17/2021";25,856
"06/18/2021";25,969
"06/21/2021";26,025
"06/22/2021";25,857
"06/23/2021";26,111
"06/24/2021";26,05
"06/25/2021";26,0948
"06/28/2021";26,2354
"06/29/2021";25,8894
"06/30/2021";26,1882
"07/01/2021";26,1
"07/02/2021";26,501
"07/06/2021";26,174
"07/07/2021";26,129
"07/08/2021";25,987
"07/09/2021";26,234
"07/12/2021";26,239
"07/13/2021";26,14
"07/14/2021";26,271
"07/15/2021";26,394
"07/16/2021";25,795
"07/19/2021";25,144
"07/20/2021";24,995
"07/21/2021";25,255
"07/22/2021";25,381
"07/23/2021";25,233
"07/26/2021";25,318
"07/27/2021";24,649
"07/28/2021";24,877
"07/29/2021";25,782
"07/30/2021";25,547
"08/02/2021";25,575
"08/03/2021";25,582
"08/04/2021";25,461
"08/05/2021";25,292
"08/06/2021";24,326
"08/09/2021";23,269
"08/10/2021";23,392
"08/11/2021";23,488
"08/12/2021";23,116
"08/13/2021";23,779
"08/16/2021";23,791
"08/17/2021";23,659
"08/18/2021";23,422
"08/19/2021";23,23
"08/20/2021";23,112
"08/23/2021";23,656
"08/24/2021";23,894
"08/25/2021";23,775
"08/26/2021";23,5592
"08/27/2021";24,0812
"08/30/2021";23,9876
"08/31/2021";23,9968
"09/01/2021";24,221
"09/02/2021";23,918
"09/03/2021";24,802
"09/06/2021";24,802
"09/07/2021";24,373
"09/08/2021";24,056
"09/09/2021";24,177
"09/10/2021";23,9
"09/13/2021";23,796
"09/14/2021";23,885
"09/15/2021";23,801
"09/16/2021";22,794
"09/17/2021";22,337
"09/20/2021";22,204
"09/21/2021";22,611
"09/22/2021";22,907
"09/23/2021";22,679
"09/24/2021";22,425
"09/27/2021";22,694
"09/28/2021";22,467
"09/29/2021";21,485
"09/30/2021";22,047
"10/01/2021";22,536
"10/04/2021";22,644
"10/05/2021";22,608
"10/06/2021";22,532
"10/07/2021";22,658
"10/08/2021";22,705
"10/11/2021";22,665
"10/12/2021";22,514
"10/13/2021";23,17
"10/14/2021";23,477
"10/15/2021";23,349
"10/18/2021";23,264
"10/19/2021";23,883
"10/20/2021";24,445
"10/21/2021";24,17
"10/22/2021";24,449
"10/25/2021";24,592
"10/26/2021";24,088
"10/27/2021";24,191
"10/28/2021";24,12
"10/29/2021";23,949
"11/01/2021";24,073
"11/02/2021";23,507
"11/03/2021";23,231
"11/04/2021";23,911
"11/05/2021";24,157
"11/08/2021";24,542
"11/09/2021";24,318
"11/10/2021";24,772
"11/11/2021";25,301
"11/12/2021";25,346
"11/15/2021";25,105
"11/16/2021";24,944
"11/17/2021";25,167
"11/18/2021";24,9
"11/19/2021";24,781
"11/22/2021";24,297
"11/23/2021";23,435
"11/24/2021";23,4996
"11/26/2021";23,113
"11/29/2021";22,8116
"11/30/2021";22,781
"12/01/2021";22,309
"12/02/2021";22,286
"12/03/2021";22,452
"12/06/2021";22,234
"12/07/2021";22,493
"12/08/2021";22,4
"12/09/2021";21,975
"12/10/2021";22,16
"12/13/2021";22,291
"12/14/2021";21,889
"12/15/2021";21,514
"12/16/2021";22,454
"12/17/2021";22,511
"12/20/2021";22,27
"12/21/2021";22,494
"12/22/2021";22,786
"12/23/2021";22,913
"12/24/2021";22,913
"12/26/2021";22,913
"12/27/2021";22,958
"12/28/2021";23,0954
"12/29/2021";22,8394
"12/30/2021";23,0472
"12/31/2021";23,3472
"01/03/2022";22,81
"01/04/2022";23,056
"01/05/2022";23,17
"01/06/2022";22,19
"01/07/2022";22,409
"01/10/2022";22,462
"01/11/2022";22,812
"01/12/2022";23,207
"01/13/2022";23,162
"01/14/2022";22,918
"01/18/2022";23,492
"01/19/2022";24,231
"01/20/2022";24,716
"01/21/2022";24,32
"01/24/2022";23,8
"01/25/2022";23,896
"01/26/2022";23,807
"01/27/2022";22,676
"01/28/2022";22,301
"01/31/2022";22,393
"02/01/2022";22,595
"02/02/2022";22,707
"02/03/2022";22,375
"02/04/2022";22,475
"02/07/2022";23,076
"02/08/2022";23,2
"02/09/2022";23,341
"02/10/2022";23,522
"02/11/2022";23,369
"02/14/2022";23,848
"02/15/2022";23,342
"02/16/2022";23,605
"02/17/2022";23,875
"02/18/2022";23,992
"02/21/2022";23,992
"02/22/2022";24,311
"02/23/2022";24,562
"02/24/2022";24,6962
"02/25/2022";24,009
"02/28/2022";24,365
"03/01/2022";25,541
"03/02/2022";25,19
"03/03/2022";25,212
"03/04/2022";25,789
"03/07/2022";25,72
"03/08/2022";26,895
"03/09/2022";25,816
"03/10/2022";26,256
"03/11/2022";26,16
"03/14/2022";25,298
"03/15/2022";25,158
"03/16/2022";24,71
"03/17/2022";25,616
"03/18/2022";25,087
"03/21/2022";25,313
"03/22/2022";24,904
"03/23/2022";25,189
"03/24/2022";25,92
"03/25/2022";25,615
"03/28/2022";25,196
"03/29/2022";24,736
"03/30/2022";25,113
"03/31/2022";25,133
"04/01/2022";24,654
"04/04/2022";24,59
"04/05/2022";24,534
"04/06/2022";24,458
"04/07/2022";24,735
"04/08/2022";24,823
"04/11/2022";24,987
"04/12/2022";25,735
"04/13/2022";26,03
"04/14/2022";25,7
"04/15/2022";25,7
"04/18/2022";26,15
"04/19/2022";25,391
"04/20/2022";25,271
"04/21/2022";24,621
"04/22/2022";24,259
"04/25/2022";23,67
"04/26/2022";23,5532
"04/27/2022";23,478
"04/28/2022";23,1602
"04/29/2022";23,076
"05/02/2022";22,584
"05/03/2022";22,665
"05/04/2022";22,402
"05/05/2022";22,443
"05/06/2022";22,367
"05/09/2022";21,82
"05/10/2022";21,424
"05/11/2022";21,575
"05/12/2022";20,773
"05/13/2022";21,001
"05/16/2022";21,551
"05/17/2022";21,75
"05/18/2022";21,544
"05/19/2022";21,908
"05/20/2022";21,674
"05/23/2022";21,723
"05/24/2022";22,063
"05/25/2022";21,87
"05/26/2022";21,965
"05/27/2022";22,096
"05/31/2022";21,688
"06/01/2022";21,915
"06/02/2022";22,275
"06/03/2022";21,908
"06/06/2022";22,092
"06/07/2022";22,178
"06/08/2022";22,094
"06/09/2022";21,817
"06/10/2022";21,931
"06/13/2022";21,255
"06/14/2022";20,954
"06/15/2022";21,42
"06/16/2022";21,885
"06/17/2022";21,587
"06/20/2022";21,587
"06/21/2022";21,768
"06/22/2022";21,421
"06/23/2022";21,042
"06/24/2022";21,125
"06/27/2022";21,1416
"06/28/2022";21,1461
"06/29/2022";20,8159
"06/30/2022";20,734
"07/01/2022";20,2594
"07/02/2022";19,8807
"07/03/2022";19,8807
"07/04/2022";19,8457
"07/05/2022";19,9798
"07/06/2022";19,2193
"07/07/2022";19,1801
"07/08/2022";19,244
"07/09/2022";19,313
"07/10/2022";19,313
"07/11/2022";19,334
"07/12/2022";19,108
"07/13/2022";18,898
"07/14/2022";19,127
"07/15/2022";18,452
"07/16/2022";18,711
"07/17/2022";18,711
"07/18/2022";18,748
"07/19/2022";18,775
"07/20/2022";18,6866
"07/21/2022";18,8158
"07/22/2022";18,601
"07/25/2022";18,4046
"07/26/2022";18,6761
"07/27/2022";19,1496
"07/28/2022";19,9473
"07/29/2022";20,3604
"08/01/2022";20,3332
"08/02/2022";19,8607
"08/03/2022";19,9995
"08/04/2022";20,2063
"08/05/2022";19,8947
"08/08/2022";20,7099
"08/09/2022";20,5164
"08/10/2022";20,5901
"08/11/2022";20,281
"08/12/2022";20,8182
"08/15/2022";20,251
"08/16/2022";20,1357
"08/17/2022";19,8225
"08/18/2022";19,5113
"08/19/2022";19,0499
"08/22/2022";18,9569
"08/23/2022";19,1383
"08/24/2022";19,1232
"08/25/2022";19,2011
"08/26/2022";18,9053
"08/29/2022";18,7996
"08/30/2022";18,4022
"08/31/2022";17,9156
"09/01/2022";17,8349
"09/02/2022";18,0488
"09/05/2022";18,2169
"09/06/2022";17,9865
"09/07/2022";18,4478
"09/08/2022";18,577
"09/09/2022";18,8354
"09/12/2022";19,8472
"09/13/2022";19,3502
"09/14/2022";19,6496
"09/15/2022";18,9701
"09/16/2022";19,5862
"09/19/2022";19,5215
"09/20/2022";19,2914
"09/21/2022";19,4668
"09/22/2022";19,673
"09/23/2022";18,8771
"09/26/2022";18,436
"09/27/2022";18,384
"09/28/2022";18,8447
"09/29/2022";18,9048
"09/30/2022";19,0341
"10/03/2022";20,7783
"10/04/2022";21,019
"10/05/2022";20,6782
"10/06/2022";20,595
"10/07/2022";20,1324
"10/10/2022";19,6319
"10/11/2022";19,1279
"10/12/2022";19,0647
"10/13/2022";18,8735
"10/14/2022";18,2706
"10/17/2022";18,6591
"10/18/2022";18,7733
"10/19/2022";18,4159
"10/20/2022";18,6014
"10/21/2022";19,3875
"10/24/2022";19,3082
"10/25/2022";19,3208
"10/26/2022";19,6033
"10/27/2022";19,5462
"10/28/2022";19,26
"10/31/2022";19,1625
"11/01/2022";19,6324
"11/02/2022";19,1624
"11/03/2022";19,4549
"11/04/2022";20,8473
"11/07/2022";20,7984
"11/08/2022";21,3534
"11/09/2022";21,0735
"11/10/2022";21,7008
"11/11/2022";21,7042
"11/14/2022";21,9849
"11/15/2022";21,5768
"11/16/2022";21,471
"11/17/2022";20,9715
"11/18/2022";20,9376
"11/21/2022";20,8306
"11/22/2022";21,098
"11/23/2022";21,5096
"11/24/2022";21,5188
"11/25/2022";21,4467
"11/28/2022";20,9483
"11/29/2022";21,2646
"11/30/2022";22,2355
"12/01/2022";22,7434
"12/02/2022";23,1542
"12/05/2022";22,2751
"12/06/2022";22,1942
"12/07/2022";22,6736
"12/08/2022";23,0299
"12/09/2022";23,4771
"12/12/2022";23,3187
"12/13/2022";23,7477
"12/14/2022";23,9364
"12/15/2022";23,1218
"12/16/2022";23,2232
"12/19/2022";23,0079
"12/20/2022";24,1634
"12/21/2022";23,9693
"12/22/2022";23,5742
"12/23/2022";23,7432
"12/26/2022";23,7432
"12/27/2022";24,048
"12/28/2022";23,5417
"12/29/2022";23,9049
"12/30/2022";23,9641
"01/02/2023";23,9641
"01/03/2023";24,0054
"01/04/2023";23,787
"01/05/2023";23,3154
"01/06/2023";23,9961
"01/09/2023";23,613
"01/10/2023";23,6049
"01/11/2023";23,4212
"01/12/2023";23,776
"01/13/2023";24,269
"01/16/2023";24,2714
"01/17/2023";23,9613
"01/18/2023";23,4859
"01/19/2023";23,8053
"01/20/2023";23,9261
"01/23/2023";23,4255
"01/24/2023";23,6736
"01/25/2023";23,9025
"01/26/2023";23,9653
"01/27/2023";23,5988
"01/30/2023";23,5954
"01/31/2023";23,6774
"02/01/2023";23,9663
"02/02/2023";23,4541
"02/03/2023";22,3362
"02/06/2023";22,2453
"02/07/2023";22,1979
"02/08/2023";22,2744
"02/09/2023";21,9661
"02/10/2023";21,9971
"02/13/2023";21,9706
"02/14/2023";21,8455
"02/15/2023";21,5877
"02/16/2023";21,5715
"02/17/2023";21,7298
"02/20/2023";21,8063
"02/21/2023";21,8351
"02/22/2023";21,5032
"02/23/2023";21,3187
"02/24/2023";20,7594
"02/27/2023";20,6306
"02/28/2023";20,8946
"03/01/2023";20,9801
"03/02/2023";20,9005
"03/03/2023";21,2641
"03/06/2023";21,0467
"03/07/2023";20,0584
"03/08/2023";20,0091
"03/09/2023";20,0663
"03/10/2023";20,5329
"03/13/2023";21,7905
"03/14/2023";21,6821
"03/15/2023";21,82
"03/16/2023";21,6837
"03/17/2023";22,597
"03/20/2023";22,5059
"03/21/2023";22,4358
"03/22/2023";22,9675
"03/23/2023";23,0508
"03/24/2023";23,2204
"03/27/2023";23,0129
"03/28/2023";23,3344
"03/29/2023";23,3034
"03/30/2023";23,8752
"03/31/2023";24,0924
"04/03/2023";23,956
"04/04/2023";24,9868
"04/05/2023";24,9206
"04/06/2023";24,9756
"04/07/2023";24,9769
"04/10/2023";24,8868
"04/11/2023";25,0584
"04/12/2023";25,5355
"04/13/2023";25,799
"04/14/2023";25,3649
"04/17/2023";25,0001
"04/18/2023";25,2091
"04/19/2023";25,2491
"04/20/2023";25,2507
"04/21/2023";25,0772
"04/24/2023";25,1882
"04/25/2023";25,0033
"04/26/2023";24,9121
"04/27/2023";24,9036
"04/28/2023";25,0503
"05/01/2023";24,9525
"05/02/2023";25,3584
"05/03/2023";25,6691
"05/04/2023";26,0562
"05/05/2023";25,6675
"05/08/2023";25,5497
"05/09/2023";25,6286
"05/10/2023";25,3869
"05/11/2023";24,1509
"05/12/2023";23,9592
"05/15/2023";24,0737
"05/16/2023";23,7464
"05/17/2023";23,7459
"05/18/2023";23,502
"05/19/2023";23,8367
"05/22/2023";23,5954
"05/23/2023";23,4565
"05/24/2023";23,0713
"05/25/2023";22,7015
"05/26/2023";23,3125
"05/29/2023";23,1412
"05/30/2023";23,1825
"05/31/2023";23,548
"06/01/2023";23,8679
"06/02/2023";23,6136
"06/05/2023";23,5673
"06/06/2023";23,596
"06/07/2023";23,4459
"06/08/2023";24,2536
"06/09/2023";24,2779
"06/12/2023";24,0841
"06/13/2023";23,6554
"06/14/2023";23,9005
"06/15/2023";23,8733
"06/16/2023";24,1947
"06/19/2023";23,9488
"06/20/2023";23,16
"06/21/2023";22,7024
"06/22/2023";22,2323
"06/23/2023";22,418
"06/26/2023";22,7532
"06/27/2023";22,8524
"06/28/2023";22,6894
"06/29/2023";22,5578
"06/30/2023";22,7603
"07/03/2023";22,8984
"07/04/2023";22,9668
"07/05/2023";23,1206
"07/06/2023";22,7199
"07/07/2023";23,0793
"07/10/2023";23,1223
"07/11/2023";23,1326
"07/12/2023";24,1215
"07/13/2023";24,8683
"07/14/2023";24,9085
"07/17/2023";24,8094
"07/18/2023";25,0474
"07/19/2023";25,101
"07/20/2023";24,745
"07/21/2023";24,5877
"07/24/2023";24,292
"07/25/2023";24,675
"07/26/2023";24,8993
"07/27/2023";24,1552
"07/28/2023";24,3292
"07/31/2023";24,7305
"08/01/2023";24,3919
"08/02/2023";23,7074
"08/03/2023";23,5952
"08/04/2023";23,6292
"08/07/2023";23,1182
"08/08/2023";22,7522
"08/09/2023";22,6833
"08/10/2023";22,6784
"08/11/2023";22,6792
"08/14/2023";22,5998
"08/15/2023";22,5513
"08/16/2023";22,4061
"08/17/2023";22,7142
"08/18/2023";22,7518
"08/21/2023";23,2102
"08/22/2023";23,4024
"08/23/2023";24,3173
"08/24/2023";24,1168
"08/25/2023";24,2169
"08/28/2023";24,209
"08/29/2023";24,7097
"08/30/2023";24,6037
"08/31/2023";24,4216
"09/01/2023";24,1725
"09/04/2023";23,954
"09/05/2023";23,5487
"09/06/2023";23,1179
"09/07/2023";22,9451
"09/08/2023";22,9235
"09/11/2023";23,0694
"09/12/2023";23,064
"09/13/2023";22,8292
"09/14/2023";22,6199
"09/15/2023";23,0319
"09/18/2023";23,2776
"09/19/2023";23,1913
"09/20/2023";23,1447
"09/21/2023";23,4271
"09/22/2023";23,5408
"09/25/2023";23,1092
"09/26/2023";22,8438
"09/27/2023";22,5422
"09/28/2023";22,6674
"09/29/2023";22,1847
"10/02/2023";20,9015
"10/03/2023";21,1984
"10/04/2023";21,0417
"10/05/2023";20,982
"10/06/2023";21,5951
"10/09/2023";21,8995
"10/10/2023";21,8018
"10/11/2023";22,0486
"10/12/2023";21,839
"10/13/2023";22,7163
"10/16/2023";22,5632
"10/17/2023";22,813
"10/18/2023";22,8741
"10/19/2023";23,0521
"10/20/2023";23,36
"10/23/2023";22,9547
"10/24/2023";22,9341
"10/25/2023";22,8606
"10/26/2023";22,8322
"10/27/2023";23,1045
"10/30/2023";23,3071
"10/31/2023";22,8467
"11/01/2023";23,0292
"11/02/2023";22,7059
"11/03/2023";23,2095
"11/06/2023";23,0227
"11/07/2023";22,5887
"11/08/2023";22,533
"11/09/2023";22,6281
"11/10/2023";22,2634
"11/13/2023";22,3052
"11/14/2023";23,0792
"11/15/2023";23,4353
"11/16/2023";23,7362
"11/17/2023";23,7231
"11/20/2023";23,4563
"11/24/2023";24,3304
"11/27/2023";24,3203
"11/28/2023";24,6518
"11/29/2023";25,0765
"11/30/2023";24,9569
"12/01/2023";25,3534
"12/04/2023";25,733
"12/05/2023";24,5155
"12/06/2023";24,1763
"12/07/2023";23,801
"12/08/2023";22,9942
"12/11/2023";22,8199
"12/12/2023";22,7664
"12/13/2023";23,7954
"12/14/2023";24,1635
"12/15/2023";23,8659
"12/18/2023";23,8039
"12/19/2023";24,051
"12/20/2023";24,1503
"12/21/2023";24,4051
"12/22/2023";24,1949
"12/25/2023";24,1957
"12/26/2023";24,2283
"12/27/2023";24,2669
"12/28/2023";23,9635
"12/29/2023";23,7927
"01/01/2024";23,7927
"01/02/2024";23,656
"01/03/2024";22,9872
"01/04/2024";23,0062
"01/05/2024";23,1909
"01/08/2024";23,0918
"01/09/2024";22,9752
"01/10/2024";22,9085
"01/11/2024";22,7527
"01/12/2024";23,1947
"01/15/2024";23,2207
"01/16/2024";22,9197
"01/17/2024";22,5549
"01/18/2024";22,7453
"01/19/2024";22,6168
"01/22/2024";22,092
"01/23/2024";22,4428
"01/24/2024";22,6694
"01/25/2024";22,9135
"01/26/2024";22,8017
"01/29/2024";23,203
"01/30/2024";23,1623
"01/31/2024";22,9401
"02/01/2024";23,1752
"02/02/2024";22,6787
"02/05/2024";22,3546
"02/06/2024";22,4265
"02/07/2024";22,2166
"02/08/2024";22,5839
"02/09/2024";22,6119
"02/12/2024";22,6926
"02/13/2024";22,1188
"02/14/2024";22,3727
"02/15/2024";22,9242
"02/16/2024";23,4147
"02/19/2024";22,9908
"02/20/2024";23,008
"02/21/2024";22,8871
"02/22/2024";22,7537
"02/23/2024";22,946
"02/26/2024";22,5202
"02/27/2024";22,4563
"02/28/2024";22,4614
"02/29/2024";22,6725
"03/01/2024";23,1467
"03/04/2024";23,8902
"03/05/2024";23,6723
"03/06/2024";24,1692
"03/07/2024";24,3342
"03/08/2024";24,3141
"03/11/2024";24,4965
"03/12/2024";24,1421
"03/13/2024";25,0336
"03/14/2024";24,8403
"03/15/2024";25,1866
"03/18/2024";25,0355
"03/19/2024";24,8824
"03/20/2024";25,7142
"03/21/2024";24,7593
"03/22/2024";24,6763
"03/25/2024";24,681
"03/26/2024";24,4372
"03/27/2024";24,6507
"03/28/2024";24,9661
"03/29/2024";24,9661
"04/01/2024";25,0834
"04/02/2024";26,1389
"04/03/2024";27,0891
"04/04/2024";26,8263
"04/05/2024";27,4664
"04/08/2024";27,8807
"04/09/2024";28,1725
"04/10/2024";27,9241
"04/11/2024";27,9069
"04/12/2024";28,4755
"04/15/2024";28,224
"04/16/2024";28,8896
"04/17/2024";28,1835
"04/18/2024";28,2295
"04/19/2024";28,2382
"04/22/2024";28,5672
"04/23/2024";27,3088
"04/24/2024";27,2851
"04/25/2024";27,196
"04/26/2024";27,3578
"04/29/2024";27,2137
"04/30/2024";26,2896
"05/01/2024";26,7471
"05/02/2024";26,6764
"05/03/2024";26,5657
"05/06/2024";27,4439
"05/07/2024";27,2415
"05/08/2024";27,3174
"05/09/2024";28,34
"05/10/2024";28,1747
"05/13/2024";28,2059
"05/14/2024";28,5972
"05/15/2024";29,7314
"05/16/2024";29,6862
"05/17/2024";31,4499
"05/20/2024";31,779
"05/21/2024";31,9771
"05/22/2024";30,7869
"05/23/2024";30,1271
"05/24/2024";30,3535
"05/27/2024";31,7025
"05/28/2024";32,0979
"05/29/2024";31,9744
"05/30/2024";31,1642
"05/31/2024";30,4055
"06/03/2024";30,7252
"06/04/2024";29,5705
"06/05/2024";30,0104
"06/06/2024";30,0113
"06/07/2024";31,3355
"06/10/2024";29,7124
"06/11/2024";29,2974
"06/12/2024";29,5598
"06/13/2024";28,9164
"06/14/2024";29,5602
"06/17/2024";29,5052
"06/18/2024";29,5195
"06/19/2024";29,7662
"06/20/2024";30,7672
"06/21/2024";29,5432
"06/24/2024";29,3948
"06/25/2024";28,8764
"06/26/2024";28,7144
"06/27/2024";29,0038
"06/28/2024";29,1402
"07/01/2024";29,4642
"07/02/2024";29,4587
"07/03/2024";30,5281
"07/04/2024";30,5281
"07/05/2024";31,2274
"07/08/2024";30,8615
"07/09/2024";30,8128
"07/10/2024";30,8543
"07/11/2024";31,386
"07/12/2024";30,793
"07/15/2024";30,6231
"07/16/2024";31,2607
"07/17/2024";30,3812
"07/18/2024";29,7736
"07/19/2024";29,2182
"07/22/2024";29,0676
"07/23/2024";29,2028
"07/24/2024";28,9022
"07/25/2024";27,8394
"07/26/2024";27,925
"07/29/2024";27,823
"07/30/2024";28,3469
"07/31/2024";28,3472
"08/01/2024";28,5024
"08/02/2024";28,5729
"08/05/2024";27,2551
"08/06/2024";27,25
"08/07/2024";26,841
"08/08/2024";27,5406
"08/09/2024";27,4613
"08/12/2024";28,0169
"08/13/2024";28,0184
"08/14/2024";27,8302
"08/15/2024";28,3608
"08/16/2024";28,3622
"08/19/2024";29,41
"08/20/2024";29,4464
"08/21/2024";29,6019
"08/22/2024";29,0367
"08/23/2024";29,8341
"08/26/2024";29,8985
"08/27/2024";30,0293
"08/28/2024";30,0226
"08/29/2024";29,3805
"08/30/2024";28,8613
"09/02/2024";28,8638
"09/03/2024";28,0561
"09/04/2024";28,2654
"09/05/2024";28,846
"09/06/2024";27,9312
"09/09/2024";28,3455
"09/10/2024";28,4302
"09/11/2024";28,6807
"09/12/2024";29,9087
"09/13/2024";30,7203
"09/16/2024";30,7578
"09/17/2024";30,7343
"09/18/2024";30,1605
"09/19/2024";30,7821
"09/20/2024";31,1592
"09/23/2024";30,6788
"09/24/2024";30,6862
"09/25/2024";32,1456
"09/26/2024";31,8383
"09/27/2024";31,6303
"09/30/2024";31,77
"10/01/2024";31,2235
"10/02/2024";31,858
"10/03/2024";32,0361
"10/04/2024";32,1921
"10/07/2024";32,2208
"10/08/2024";31,6471
"10/09/2024";30,493
"10/10/2024";30,4994
"10/11/2024";31,5431
"10/14/2024";31,2307
"10/15/2024";31,4737
"10/16/2024";31,4492
"10/17/2024";31,7384
"10/18/2024";31,7893
"10/21/2024";33,7894
"10/22/2024";33,7842
"10/23/2024";33,7761
"10/24/2024";33,6955
"10/25/2024";0
"10/28/2024";33,7131
"10/29/2024";34,4838
"10/30/2024";33,7396
"10/31/2024";32,6625
"11/01/2024";32,455
"11/04/2024";32,4337
"11/05/2024";32,7018
"11/06/2024";31,1725
"11/07/2024";32,0209
"11/08/2024";31,3057
"11/11/2024";30,7238
"11/12/2024";30,7208
"11/13/2024";30,2741
"11/14/2024";30,4074
"11/15/2024";30,2502
"11/18/2024";31,1459
"11/19/2024";31,1813
"11/20/2024";31,2708
"11/21/2024";30,7928
"11/22/2024";31,3022
"11/25/2024";31,3762
"11/26/2024";30,4055
"11/27/2024";30,1205
"11/28/2024";30,2516
"11/29/2024";30,607
"12/02/2024";30,5627
"12/03/2024";30,9752
"12/04/2024";31,3497
"12/05/2024";31,3494
"12/06/2024";31,005
"12/09/2024";31,9544
"12/10/2024";31,921
"12/11/2024";31,898
"12/12/2024";30,931
"12/13/2024";30,949
"12/16/2024";30,5268
"12/17/2024";30,5118
"12/18/2024";30,5139
"12/19/2024";29,3207
"12/20/2024";29,5052
"12/23/2024";29,712
"12/24/2024";29,6064
"12/25/2024";29,6388
"12/26/2024";29,808
"12/27/2024";29,3661
"12/30/2024";28,9444
"12/31/2024";28,8744
"01/01/2025";28,9299
"01/02/2025";28,9299
"01/03/2025";29,5385
"01/06/2025";29,9409
"01/07/2025";30,0796
"01/08/2025";30,0825
"01/09/2025";30,145
"01/10/2025";30,4049
"01/13/2025";29,6945
"01/14/2025";29,6815
"01/15/2025";30,6661
"01/16/2025";30,6681
"01/17/2025";30,3407
"01/20/2025";30,3204
"01/21/2025";30,7483
"01/22/2025";30,7783
"01/23/2025";30,4654
"01/24/2025";30,5937
"01/27/2025";30,1899
"01/28/2025";30,1872
"01/29/2025";30,4515
"01/30/2025";30,854
"01/31/2025";31,3118
"02/03/2025";31,5067
"02/04/2025";32,0844
"02/05/2025";32,3162
"02/06/2025";32,2204
"02/07/2025";31,8165
"02/10/2025";32,0656
"02/11/2025";32,0814
"02/12/2025";32,2871
"02/13/2025";32,3735
"02/14/2025";32,1491
"02/17/2025";32,0416
"02/18/2025";32,9063
"02/19/2025";32,7061
"02/20/2025";32,9365
"02/21/2025";32,5265
"02/24/2025";32,5923
"02/25/2025";31,7657
"02/26/2025";31,9075
"02/27/2025";31,2286
"02/28/2025";31,2277
"03/03/2025";31,6571
"03/04/2025";31,9251
"03/05/2025";32,6358
"03/06/2025";32,6264
"03/07/2025";32,5218
"03/10/2025";32,0183
"03/11/2025";32,8605
"03/12/2025";33,2705
"03/13/2025";33,8622
"03/14/2025";33,7841
"03/17/2025";33,7955
"03/18/2025";33,9688
"03/19/2025";33,9065
"03/20/2025";33,9043
"03/21/2025";33,0333
"03/24/2025";32,9321
"03/25/2025";33,6793
"03/26/2025";33,6804
"03/27/2025";34,4327
"03/28/2025";34,1094
"03/31/2025";34,1992
"04/01/2025";33,6711
"04/02/2025";33,6735
"04/03/2025";31,9019
"04/04/2025";29,5908
"04/07/2025";30,01
"04/08/2025";30,0018
"04/09/2025";30,9026
"04/10/2025";31,1831
"04/11/2025";32,2628
"04/14/2025";32,2975
"04/15/2025";32,3645
"04/16/2025";32,855
"04/17/2025";32,5654
"04/18/2025";32,5654
"04/21/2025";32,7476
"04/22/2025";32,522
"04/23/2025";33,6279
"04/24/2025";33,63
"04/25/2025";33,0947
"04/28/2025";33,1226
"04/29/2025";33,121
"04/30/2025";32,6308
"05/01/2025";32,6302
"05/02/2025";32,0301
"05/05/2025";32,5156
"05/06/2025";33,1424
"05/07/2025";32,4616
"05/08/2025";32,4572
"05/09/2025";32,4457
"05/12/2025";32,5823
"05/13/2025";32,5776
"05/14/2025";32,2127
"05/15/2025";32,635
"05/16/2025";32,2847
"05/19/2025";32,3564
"05/20/2025";33,1109
"05/21/2025";33,4423
"05/22/2025";33,0523
"05/23/2025";33,0599
"05/26/2025";33,4181
"05/27/2025";33,2836
"05/28/2025";32,869
"05/29/2025";33,266
"05/30/2025";32,9896
"06/02/2025";34,7142
"06/03/2025";34,5854
"06/04/2025";34,5069
"06/05/2025";35,7221
"06/06/2025";35,9751
"06/09/2025";36,0421
"06/10/2025";36,5775
"06/11/2025";36,3283
"06/12/2025";36,3668
"06/13/2025";36,3772
"06/16/2025";36,3207
"06/17/2025";37,1241
"06/18/2025";36,7442
"06/19/2025";36,7483
"06/20/2025";36,0065
"06/23/2025";35,8923
"06/24/2025";35,8945
"06/25/2025";35,9313
"06/26/2025";36,3388
"06/27/2025";35,995
"06/30/2025";35,7821
"07/01/2025";36,1513
"07/02/2025";36,0804
"07/03/2025";36,4005
"07/04/2025";36,7889
"07/07/2025";36,9938
"07/08/2025";36,7884
"07/09/2025";36,5778
"07/10/2025";36,3978
"07/11/2025";37,1131
"07/14/2025";38,5214
"07/15/2025";38,2818
"07/16/2025";37,7961
"07/17/2025";37,8953
"07/18/2025";38,1288
"07/21/2025";38,2041
"07/22/2025";38,9586
"07/23/2025";39,2733
"07/24/2025";39,2921
"07/25/2025";39,0937
"07/28/2025";38,1801
"07/29/2025";38,1722
"07/30/2025";38,2116
"07/31/2025";37,1164
"08/01/2025";36,6724
"08/04/2025";37,4381
"08/05/2025";37,4464
"08/06/2025";37,8235
"08/07/2025";37,8547
"08/08/2025";38,3082
"08/11/2025";37,6838
"08/12/2025";37,6946
"08/13/2025";37,9069
"08/14/2025";38,5396
"08/15/2025";37,9955
"08/18/2025";37,9028
"08/19/2025";38,0246
"08/20/2025";37,3556
"08/21/2025";38,1022
"08/22/2025";38,1082
"08/25/2025";38,8979
"08/26/2025";38,4137
"08/27/2025";38,6637
"08/28/2025";38,6152
"08/29/2025";39,015
"09/01/2025";39,8132
"09/02/2025";40,62
"09/03/2025";41,0721
"09/04/2025";41,0694
"09/05/2025";40,7427
"09/08/2025";41,3304
"09/09/2025";41,3086
"09/10/2025";40,8622
"09/11/2025";41,2059
"09/12/2025";41,4964
"09/15/2025";42,6224
"09/16/2025";42,6355
"09/17/2025";42,591
"09/18/2025";41,7681
"09/19/2025";41,7323
"09/22/2025";43,0957
"09/23/2025";44,0141
"09/24/2025";43,935
"09/25/2025";43,9402
"09/26/2025";44,9033
"09/29/2025";46,4095
"09/30/2025";46,861
"10/01/2025";46,7168
"10/02/2025";47,1124
"10/03/2025";46,9554
"10/06/2025";48,1978
"10/07/2025";48,5037
"10/08/2025";47,9708
"10/09/2025";48,8127
"10/10/2025";49,2908
"10/13/2025";50,3481
"10/14/2025";51,991
"10/15/2025";52,0244
"10/16/2025";53,018
"10/17/2025";54,2443
"10/20/2025";51,6885
"10/21/2025";52,5227
"10/22/2025";47,9403
"10/23/2025";48,232
"10/24/2025";48,8831
"10/27/2025";48,1313
"10/28/2025";46,9138
"10/29/2025";47,7759
"10/30/2025";49,1305
"10/31/2025";48,6932
"11/03/2025";48,0877
"11/04/2025";47,1695
"11/05/2025";48,0174
"11/06/2025";48,0278
"11/07/2025";48,3252
"11/10/2025";50,5106
"11/11/2025";51,2222
"11/12/2025";53,2661
"11/13/2025";52,2877
"11/14/2025";50,5921
"11/17/2025";50,2067
"11/18/2025";50,7005
"11/19/2025";51,3618
"11/20/2025";50,6625
"11/21/2025";50,0323
"11/24/2025";51,3623
"11/25/2025";51,4827
"11/26/2025";53,3475
"11/27/2025";53,3921
"11/28/2025";56,5422
"12/01/2025";58,0032
"12/02/2025";58,4614
"12/03/2025";58,5055
"12/04/2025";57,1453
"12/05/2025";58,3139
"12/08/2025";58,1609
"12/09/2025";60,671
"12/10/2025";61,8204
"12/11/2025";63,5754
"12/12/2025";61,952
"12/15/2025";64,0919
"12/16/2025";63,7483
"12/17/2025";66,2153
"12/18/2025";65,4909
"12/19/2025";67,1526
"12/22/2025";69,0531
"12/23/2025";71,4832
"12/24/2025";71,9167
"12/25/2025";71,9144
"12/26/2025";79,2496
"12/29/2025";72,1563
"12/30/2025";76,2448
"12/31/2025";71,649
"01/01/2026";71,649
"01/02/2026";72,7425
"01/05/2026";76,6095
"01/06/2026";81,2651
"01/07/2026";78,0998